<?xml version="1.0"?>
<doc>
    <assembly>
        <name>Core2D.Base</name>
    </assembly>
    <members>
        <member name="T:Core2D.Attributes.ContentAttribute">
            <summary>
            Defines the property that contains the object's content in markup.
            </summary>
        </member>
        <member name="T:Core2D.Attributes.NameAttribute">
            <summary>
            Defines the property that contains the object's name in markup.
            </summary>
        </member>
        <member name="T:Core2D.ICopyable">
            <summary>
            Defines copyable contract.
            </summary>
        </member>
        <member name="M:Core2D.ICopyable.Copy(System.Collections.Generic.IDictionary{System.Object,System.Object})">
            <summary>
            Copies the object.
            </summary>
            <param name="shared">The shared objects dictionary.</param>
            <returns>The copy of the object.</returns>
        </member>
        <member name="T:Core2D.IObservableObject">
            <summary>
            Defines observable object contract.
            </summary>
        </member>
        <member name="P:Core2D.IObservableObject.Owner">
            <summary>
            Gets or sets object owner.
            </summary>
        </member>
        <member name="P:Core2D.IObservableObject.Id">
            <summary>
            Gets or sets observable object name.
            </summary>
        </member>
        <member name="P:Core2D.IObservableObject.Name">
            <summary>
            Gets or sets observable object name.
            </summary>
        </member>
        <member name="M:Core2D.IObservableObject.MarkAsDirty(System.Boolean)">
            <summary>
            Set the IsDirty flag value.
            </summary>
            <param name="value">The new value of IsDirty flag.</param>
        </member>
        <member name="M:Core2D.IObservableObject.Notify(System.String)">
            <summary>
            Notify observers about property changes.
            </summary>
            <param name="propertyName">The property name that changed.</param>
        </member>
        <member name="M:Core2D.IObservableObject.Update``1(``0@,``0,System.String)">
            <summary>
            Update property backing field and notify observers about property change.
            </summary>
            <typeparam name="T">The type of field.</typeparam>
            <param name="field">The field to update.</param>
            <param name="value">The new field value.</param>
            <param name="propertyName">The property name that changed.</param>
            <returns>True if backing field value changed.</returns>
        </member>
        <member name="T:Core2D.ObservableObject">
            <summary>
            Observable object.
            </summary>
        </member>
        <member name="P:Core2D.ObservableObject.Owner">
            <inheritdoc/>
        </member>
        <member name="P:Core2D.ObservableObject.Id">
            <inheritdoc/>
        </member>
        <member name="P:Core2D.ObservableObject.Name">
            <inheritdoc/>
        </member>
        <member name="P:Core2D.ObservableObject.IsDirty">
            <summary>
            Gets or sets is dirty flag.
            </summary>
        </member>
        <member name="M:Core2D.ObservableObject.MarkAsDirty(System.Boolean)">
            <inheritdoc/>
        </member>
        <member name="E:Core2D.ObservableObject.PropertyChanged">
            <summary>
            Occurs when a property value changes.
            </summary>
        </member>
        <member name="M:Core2D.ObservableObject.Copy(System.Collections.Generic.IDictionary{System.Object,System.Object})">
            <inheritdoc/>
        </member>
        <member name="M:Core2D.ObservableObject.Notify(System.String)">
            <inheritdoc/>
        </member>
        <member name="M:Core2D.ObservableObject.Update``1(``0@,``0,System.String)">
            <inheritdoc/>
        </member>
        <member name="M:Core2D.ObservableObject.ShouldSerializeOwner">
            <summary>
            Check whether the <see cref="P:Core2D.ObservableObject.Owner"/> property has changed from its default value.
            </summary>
            <returns>Returns true if the property has changed; otherwise, returns false.</returns>
        </member>
        <member name="M:Core2D.ObservableObject.ShouldSerializeId">
            <summary>
            Check whether the <see cref="P:Core2D.ObservableObject.Id"/> property has changed from its default value.
            </summary>
            <returns>Returns true if the property has changed; otherwise, returns false.</returns>
        </member>
        <member name="M:Core2D.ObservableObject.ShouldSerializeName">
            <summary>
            Check whether the <see cref="P:Core2D.ObservableObject.Name"/> property has changed from its default value.
            </summary>
            <returns>Returns true if the property has changed; otherwise, returns false.</returns>
        </member>
        <member name="M:Core2D.ObservableObject.ShouldSerializeIsDirty">
            <summary>
            The <see cref="P:Core2D.ObservableObject.IsDirty"/> property is not serialized.
            </summary>
            <returns>Returns always false.</returns>
        </member>
    </members>
</doc>
