<?xml version="1.0"?>
<doc>
    <assembly>
        <name>Core2D.Model.Extensions</name>
    </assembly>
    <members>
        <member name="T:Core2D.Data.DatabaseExtensions">
            <summary>
            Database extensions.
            </summary>
        </member>
        <member name="M:Core2D.Data.DatabaseExtensions.Update(Core2D.Data.IDatabase,Core2D.Data.IDatabase,System.Collections.Immutable.ImmutableArray{Core2D.Data.IRecord}.Builder@)">
            <summary>
            Update the destination database using data from source database using Id column as identification.
            </summary>
            <param name="destination">The destination database.</param>
            <param name="source">The source database.</param>
            <param name="records">The updated records from destination database.</param>
            <returns>True if destination database was updated.</returns>
        </member>
        <member name="T:Core2D.Shapes.ConnectableShapeExtensions">
            <summary>
            Connectable shape extension methods.
            </summary>
        </member>
        <member name="M:Core2D.Shapes.ConnectableShapeExtensions.AddConnectorAsNone(Core2D.Shapes.IConnectableShape,Core2D.Shapes.IPointShape)">
            <summary>
            Adds <see cref="T:Core2D.Shapes.IPointShape"/> to <see cref="P:Core2D.Shapes.IConnectableShape.Connectors"/> collection with <see cref="F:Core2D.Renderer.ShapeStateFlags.None"/> flag set.
            </summary>
            <param name="shape">The connectable shape.</param>
            <param name="point">The point object.</param>
        </member>
        <member name="M:Core2D.Shapes.ConnectableShapeExtensions.AddConnectorAsInput(Core2D.Shapes.IConnectableShape,Core2D.Shapes.IPointShape)">
            <summary>
            Adds <see cref="T:Core2D.Shapes.IPointShape"/> to <see cref="P:Core2D.Shapes.IConnectableShape.Connectors"/> collection with <see cref="F:Core2D.Renderer.ShapeStateFlags.Input"/> flag set.
            </summary>
            <param name="shape">The connectable shape.</param>
            <param name="point">The point object.</param>
        </member>
        <member name="M:Core2D.Shapes.ConnectableShapeExtensions.AddConnectorAsOutput(Core2D.Shapes.IConnectableShape,Core2D.Shapes.IPointShape)">
            <summary>
            Adds <see cref="T:Core2D.Shapes.IPointShape"/> to <see cref="P:Core2D.Shapes.IConnectableShape.Connectors"/> collection with <see cref="F:Core2D.Renderer.ShapeStateFlags.Output"/> flag set.
            </summary>
            <param name="shape">The connectable shape.</param>
            <param name="point">The point object.</param>
        </member>
        <member name="T:Core2D.Shapes.GroupShapeExtensions">
            <summary>
            Group shape extension methods.
            </summary>
        </member>
        <member name="M:Core2D.Shapes.GroupShapeExtensions.AddShape(Core2D.Shapes.IGroupShape,Core2D.Shapes.IBaseShape)">
            <summary>
            Adds <see cref="T:Core2D.Shapes.IBaseShape"/> to <see cref="P:Core2D.Shapes.IGroupShape.Shapes"/> collection.
            </summary>
            <param name="group">The group shape.</param>
            <param name="shape">The shape object.</param>
        </member>
        <member name="M:Core2D.Shapes.GroupShapeExtensions.Group(Core2D.Shapes.IGroupShape,System.Collections.Generic.IEnumerable{Core2D.Shapes.IBaseShape},System.Collections.Generic.IList{Core2D.Shapes.IBaseShape})">
            <summary>
            Creates a new <see cref="T:Core2D.Shapes.IGroupShape"/> instance.
            </summary>
            <param name="group">The group shape.</param>
            <param name="shapes">The shapes collection.</param>
            <param name="source">The source shapes collection.</param>
        </member>
        <member name="M:Core2D.Shapes.GroupShapeExtensions.Ungroup(System.Collections.Generic.IEnumerable{Core2D.Shapes.IBaseShape},System.Collections.Generic.IList{Core2D.Shapes.IBaseShape})">
            <summary>
            Ungroup shapes.
            </summary>
            <param name="shapes">The shapes collection.</param>
            <param name="source">The source shapes collection.</param>
        </member>
        <member name="M:Core2D.Shapes.GroupShapeExtensions.Ungroup(Core2D.Shapes.IGroupShape,System.Collections.Generic.IList{Core2D.Shapes.IBaseShape})">
            <summary>
            Ungroup group shape.
            </summary>
            <param name="group">The group instance.</param>
            <param name="source">The source shapes collection.</param>
        </member>
        <member name="T:Core2D.Shapes.LineShapeExtensions">
            <summary>
            Line shape extension methods.
            </summary>
        </member>
        <member name="M:Core2D.Shapes.LineShapeExtensions.GetMaxLength(Core2D.Shapes.ILineShape,System.Double@,System.Double@,System.Double@,System.Double@)">
            <summary>
            Get <see cref="T:Core2D.Shapes.ILineShape"/> maximum length using <see cref="T:Core2D.Style.LineFixedLengthFlags"/>.
            </summary>
            <param name="line">The line shape.</param>
            <param name="x1">The calculated X coordinate for <see cref="P:Core2D.Shapes.ILineShape.Start"/> point.</param>
            <param name="y1">The calculated Y coordinate for <see cref="P:Core2D.Shapes.ILineShape.Start"/> point.</param>
            <param name="x2">The calculated X coordinate for <see cref="P:Core2D.Shapes.ILineShape.End"/> point.</param>
            <param name="y2">The calculated Y coordinate for <see cref="P:Core2D.Shapes.ILineShape.End"/> point.</param>
        </member>
        <member name="M:Core2D.Shapes.LineShapeExtensions.GetMaxLengthAll(Core2D.Shapes.ILineShape,System.Double@,System.Double@,System.Double@,System.Double@)">
            <summary>
            Get <see cref="T:Core2D.Shapes.ILineShape"/> maximum length for <see cref="F:Core2D.Style.LineFixedLengthFlags.All"/> mode.
            </summary>
            <param name="line">The line shape.</param>
            <param name="x1">The calculated X coordinate for <see cref="P:Core2D.Shapes.ILineShape.Start"/> point.</param>
            <param name="y1">The calculated Y coordinate for <see cref="P:Core2D.Shapes.ILineShape.Start"/> point.</param>
            <param name="x2">The calculated X coordinate for <see cref="P:Core2D.Shapes.ILineShape.End"/> point.</param>
            <param name="y2">The calculated Y coordinate for <see cref="P:Core2D.Shapes.ILineShape.End"/> point.</param>
        </member>
        <member name="M:Core2D.Shapes.LineShapeExtensions.GetMaxLengthHorizontal(Core2D.Shapes.ILineShape,System.Double@,System.Double@)">
            <summary>
            Get <see cref="T:Core2D.Shapes.ILineShape"/> maximum length for <see cref="F:Core2D.Style.LineFixedLengthFlags.Horizontal"/> mode.
            </summary>
            <param name="line">The line shape.</param>
            <param name="x1">The calculated X coordinate for <see cref="P:Core2D.Shapes.ILineShape.Start"/> point.</param>
            <param name="x2">The calculated X coordinate for <see cref="P:Core2D.Shapes.ILineShape.End"/> point.</param>
        </member>
        <member name="M:Core2D.Shapes.LineShapeExtensions.GetMaxLengthVertical(Core2D.Shapes.ILineShape,System.Double@,System.Double@)">
            <summary>
            Get <see cref="T:Core2D.Shapes.ILineShape"/> maximum length for <see cref="F:Core2D.Style.LineFixedLengthFlags.Vertical"/> mode.
            </summary>
            <param name="line">The line shape.</param>
            <param name="y1">The calculated Y coordinate for <see cref="P:Core2D.Shapes.ILineShape.Start"/> point.</param>
            <param name="y2">The calculated Y coordinate for <see cref="P:Core2D.Shapes.ILineShape.End"/> point.</param>
        </member>
        <member name="M:Core2D.Shapes.LineShapeExtensions.GetCurvedLineBezierControlPoints(Core2D.Style.CurveOrientation,System.Double,Core2D.Renderer.PointAlignment,Core2D.Renderer.PointAlignment,System.Double@,System.Double@,System.Double@,System.Double@)">
            <summary>
            Get curved line bezier curve control points.
            </summary>
            <param name="orientation">The curved line orientation.</param>
            <param name="offset">The curved line offset.</param>
            <param name="p1a">The line start point alignment.</param>
            <param name="p2a">The line end point alignment.</param>
            <param name="p1x">The adjusted X coordinate for curve start control point.</param>
            <param name="p1y">The adjusted Y coordinate for curve start control point.</param>
            <param name="p2x">The adjusted X coordinate for curve end control point.</param>
            <param name="p2y">The adjusted Y coordinate for curve end control point.</param>
        </member>
        <member name="T:Core2D.Shapes.PointShapeExtentions">
            <summary>
            Point shape extension methods.
            </summary>
        </member>
        <member name="M:Core2D.Shapes.PointShapeExtentions.DistanceTo(Core2D.Shapes.IPointShape,Core2D.Shapes.IPointShape)">
            <summary>
            Calculates distance between points.
            </summary>
            <param name="point">The point instance.</param>
            <param name="other">The other point.</param>
            <returns>The distance between points.</returns>
        </member>
        <member name="T:Core2D.Shapes.TextShapeExtensions">
            <summary>
            Text shape extension methods.
            </summary>
        </member>
        <member name="M:Core2D.Shapes.TextShapeExtensions.TryToBind(Core2D.Data.IRecord,System.String,System.String@)">
            <summary>
            Try binding data record to <see cref="P:Core2D.Shapes.ITextShape.Text"/> shape property containing column name.
            </summary>
            <param name="r">The external data record used for binding.</param>
            <param name="columnName">The column name.</param>
            <param name="value">The output string bound to data record.</param>
            <returns>True if binding was successful.</returns>
        </member>
        <member name="M:Core2D.Shapes.TextShapeExtensions.TryToBind(System.Collections.Immutable.ImmutableArray{Core2D.Data.IProperty},System.String,System.String@)">
            <summary>
            Try binding properties array to one of <see cref="T:Core2D.Shapes.ITextShape"/> shape properties.
            </summary>
            <param name="db">The properties database used for binding.</param>
            <param name="propertyName">The target property name.</param>
            <param name="value">The string bound to properties.</param>
            <returns>True if binding was successful.</returns>
        </member>
        <member name="M:Core2D.Shapes.TextShapeExtensions.IsBinding(System.String,System.String@)">
            <summary>
            Check if text is a property binding.
            </summary>
            <param name="text">The text to check for binding.</param>
            <param name="binding">The binding property name.</param>
            <returns>True if text is a binding.</returns>
        </member>
        <member name="M:Core2D.Shapes.TextShapeExtensions.BindText(Core2D.Shapes.ITextShape,System.Collections.Immutable.ImmutableArray{Core2D.Data.IProperty},Core2D.Data.IRecord)">
            <summary>
            Bind properties or data record to <see cref="P:Core2D.Shapes.ITextShape.Text"/> property.
            </summary>
            <param name="text">The text shape instance.</param>
            <param name="db">The properties database used for binding.</param>
            <param name="r">The external data record used for binding.</param>
            <returns>The string bound to properties or data record.</returns>
        </member>
        <member name="T:Core2D.Style.StyleHelper">
            <summary>
            Style helper.
            </summary>
        </member>
        <member name="M:Core2D.Style.StyleHelper.ConvertDoubleArrayToDashes(System.Double[])">
            <summary>
            Convert line dashes doubles array to string format.
            </summary>
            <param name="value">The line dashes doubles array.</param>
            <returns>The converted line dashes string.</returns>
        </member>
        <member name="M:Core2D.Style.StyleHelper.ConvertFloatArrayToDashes(System.Single[])">
            <summary>
            Convert line dashes floats array to string format.
            </summary>
            <param name="value">The line dashes floats array.</param>
            <returns>The converted line dashes string.</returns>
        </member>
        <member name="M:Core2D.Style.StyleHelper.ConvertDashesToDoubleArray(System.String)">
            <summary>
            Convert line dashes string format to doubles array.
            </summary>
            <param name="value">The line dashes string.</param>
            <returns>The converted line dashes doubles array.</returns>
        </member>
        <member name="M:Core2D.Style.StyleHelper.ConvertDashesToFloatArray(System.String)">
            <summary>
            Convert line dashes string format to floats array.
            </summary>
            <param name="value">The line dashes string.</param>
            <returns>The converted line dashes floats array.</returns>
        </member>
    </members>
</doc>
